voltage_integral,
19368.108191251755,
4787.330095529556,
4828.370527744293,
4888.860607147217,
4933.115299701691,
4772.212499856949,
4220.979429721832,
3984.7566463947296,
3932.613554954529,
3931.4588277339935,
3939.5321691036224,
3890.4499549865723,
3862.00413441658,
3812.2120232582092,
3751.638305425644,
3706.9028704166412,
3821.4713797569275,
4159.133795261383,
4428.56259727478,
4505.734159946442,
4557.506383419037,
4822.01833820343,
3886.105652809143,
3629.183551311493,
3482.0265579223633,
3416.4760043621063,
3399.996532678604,
3392.0095076560974,
3383.658818244934,
3346.6667923927307,
3334.4755024909973,
3313.9282932281494,
3313.858635187149,
3694.2293479442596,
0,
4160.406884670258,
4486.07212305069,
4554.752904891968,
4618.751789093018,
4765.798192977905,
4126.312875747681,
3800.5527589321136,
3633.218003988266,
3551.449285030365,
3514.6409878730774,
3506.41504073143,
3530.9293270111084,
3559.6250410079956,
3534.980479001999,
3490.02543091774,
3448.9449787139893,
3690.2981820106506,
4000.27529668808,
4256.542874097824,
4345.751272439957,
4284.738412618637,
4303.9786195755005,
3869.4745597839355,
3632.8187885284424,
3514.0072989463806,
3440.8923439979553,
3415.899219274521,
3391.5235826969147,
3416.130221605301,
3403.943915605545,
3383.3324196338654,
3350.6828293800354,
3346.453630924225,
3755.137072324753,
4121.360687255859,
4267.958418607712,
4216.044724941254,
4386.7559270858765,
4133.023063898087,
3771.2593581676483,
3558.9123768806458,
3465.1693596839905,
3436.2812061309814,
3432.18741774559,
3395.5439596176147,
3555.7125244140625,
3732.975482940674,
3692.0644478797913,
3680.0363976955414,
3659.3887944221497,
4010.271750688553,
4275.4853515625,
4440.495293855667,
4778.456070899963,
4740.711454153061,
4923.537045717239,
4842.538755655289,
4768.823234081268,
4891.549729824066,
4938.900147438049,
4964.204103469849,
4995.689591884613,
4996.703010797501,
5024.979211807251,
5121.109505653381,
5345.621166229248,
5108.805025815964,
5121.9036693573,
5185.924673318863,
5193.43572640419,
5201.815073728561,
5506.515016555786,
5251.233772754669,
5523.121155738831,
5267.035192966461,
5274.107814311981,
5408.418636083603,
5283.15024471283,
5436.471704483032,
5310.401169538498,
5437.127636432648,
5331.5950746536255,
5457.591136455536,
5587.367643356323,
5347.064224481583,
5331.683230400085,
5339.183885574341,
4974.209363937378,
4533.446445941925,
4291.153989315033,
4160.415287971497,
4107.329970359802,
4030.8506984710693,
4017.843982934952,
3989.573601961136,
3956.8640422821045,
3929.3350434303284,
3912.0805044174194,
4063.233060359955,
3443.312021255493,
4943.280431509018,
5358.317265748978,
5529.234539031982,
5666.749347448349,
5683.274265766144,
5597.595004081726,
4886.28174495697,
4617.303579568863,
4478.807469844818,
4506.768031597137,
4405.2499351501465,
4445.716508388519,
4425.239147424698,
4376.151723384857,
4306.577649354935,
4702.830204963684,
5163.463235616684,
5188.151824951172,
5296.85274720192,
5478.967383861542,
4787.461463928223,
4547.359766483307,
4363.396254062653,
4404.3238117694855,
4465.220463275909,
4599.970866680145,
4538.508941888809,
4448.884779930115,
4338.607736587524,
4551.373367547989,
4974.965131521225,
5157.772980690002,
5349.122229337692,
5292.805693149567,
5616.985742092133,
5531.702342510223,
5524.60023021698,
5690.097325325012,
5621.818061351776,
5568.753143310547,
5406.339784145355,
5487.873589038849,
5564.324070930481,
5889.266791820526,
5788.167720317841,
5807.8956644535065,
5714.207563400269,
5699.125152587891,
5974.256987571716,
5840.184677124023,
5714.580825090408,
5722.478032588959,
5857.458640098572,
5691.1336188316345,
5638.039315223694,
5864.984427928925,
5763.926419258118,
5690.412318706512,
5739.941805362701,
5783.538231372833,
6177.786004781723,
5717.7985191345215,
4978.753134727478,
4653.044353723526,
4494.238522052765,
4412.439959526062,
4347.053485631943,
4273.3938982486725,
4224.48743891716,
4171.457793712616,
4109.937942266464,
4425.068263530731,
4837.613319396973,
5279.832341909409,
5365.864333629608,
5284.781605243683,
4672.961797475815,
4322.348847150803,
4093.4389865398407,
4011.8774116039276,
3942.0098917484283,
3905.392501592636,
3864.365550518036,
3860.2411239147186,
3839.767842769623,
3782.299191713333,
4241.149303674698,
4713.891642808914,
4873.025353193283,
4804.90350151062,
4877.20476102829,
4261.006911754608,
3962.3236701488495,
3880.6716907024384,
3823.0998044013977,
3810.9492847919464,
3794.6832711696625,
3815.012161254883,
3794.5571100711823,
3545.2553606033325,
5323.3168025016785,
5684.530597686768,
5809.04373216629,
5906.577141284943,
6246.68021774292,
5415.448172330856,
5114.5855884552,
5017.122613430023,
5016.946550607681,
5036.923266649246,
5012.747936964035,
4943.742163896561,
4871.553274154663,
4862.824593782425,
5045.853365182877,
5488.4896767139435,
6049.170961856842,
5881.647567272186,
6042.167709112167,
5841.870702981949,
6082.875774860382,
5863.07546710968,
6061.389385700226,
6122.090073823929,
6017.105618953705,
6159.161280632019,
6227.151586532593,
6125.362243175507,
6153.875432729721,
6272.6003494262695,
6427.070687055588,
6182.927051067352,
6214.963448524475,
6333.318625211716,
6336.603186845779,
6203.228358268738,
6243.341705799103,
6223.595732688904,
6649.163837194443,
6413.316653728485,
6303.823046207428,
6303.413547992706,
6300.720609903336,
6308.604375839233,
6462.114519119263,
6426.5654010772705,
5808.61571097374,
5343.590390443802,
5120.143593072891,
5067.37949514389,
4982.755888938904,
4941.347318172455,
4880.282797574997,
5199.192049503326,
5603.871421098709,
5535.24400472641,
6160.359295368195,
5798.950846195221,
5621.232341766357,
5540.0655970573425,
5474.5598430633545,
5405.59567117691,
5402.380690097809,
5350.088275909424,
5304.278939247131,
5268.585803031921,
6071.9173448085785,
6127.412821769714,
5624.234963178635,
5361.902494430542,
5296.064303398132,
5183.413291454315,
5129.647951602936,
5149.8127636909485,
5137.856302976608,
5072.9293484687805,
5023.726460695267,
5395.068743228912,
5904.345841407776,
6002.690475463867,
5992.836747407913,
5982.749684333801,
5576.359353542328,
5178.381134986877,
5069.8462681770325,
5084.928049087524,
5025.181876659393,
5020.084858417511,
5012.024401426315,
4960.003928184509,
4930.5516493320465,
5341.589277744293,
0,
6578.065616369247,
6490.405515193939,
6574.267445325851,
3629.027688026428,
6520.394548416138,
6408.466000318527,
6665.8948793411255,
6110.972631216049,
6275.680305242538,
6365.89261674881,
6001.291486978531,
5949.032169342041,
5917.35017824173,
5888.237113237381,
5812.429015159607,
5826.065589904785,
6283.826627254486,
6146.324007034302,
6090.03973865509,
6109.96696472168,
5921.2619161605835,
5901.088428497314,
5860.680734634399,
5909.932188987732,
6575.464102983475,
5840.1961760520935,
5804.11634016037,
5779.949178218842,
5796.199944496155,
5799.808681964874,
5762.747846126556,
5718.3232481479645,
6488.365442037582,
5840.201853752136,
5820.266457557678,
5779.603159427643,
5755.387385845184,
5742.4257962703705,
5686.69029045105,
5657.469427585602,
5844.663640022278,
5807.956882953644,
5731.079156160355,
5734.426429986954,
5730.3420832157135,
5694.711113214493,
5658.415400505066,
5677.768851518631,
5410.440478801727,
5533.34369468689,
5492.916685342789,
5794.3894827365875,
5656.945902824402,
5568.63657617569,
5503.7197523117065,
5474.179317474365,
5361.742892980576,
5304.959260225296,
5280.8904819488525,
6026.199331998825,
6484.275822401047,
5724.22962808609,
5526.6015746593475,
5490.103240013123,
5437.371288299561,
5408.7791340351105,
5356.182801246643,
5327.775798082352,
5263.953119754791,
5624.082310676575,
5870.087005615234,
5571.165004253387,
5424.7557554244995,
5364.127047777176,
5335.776008605957,
5300.35284948349,
5255.520126342773,
5242.564940929413,
5193.958367109299,
5179.056089639664,
5740.867645025253,
6049.715886592865,
5553.740382671356,
5275.830299377441,
5158.11301612854,
5093.211341381073,
5060.107511520386,
5043.8049347400665,
5012.106803894043,
5003.305705308914,
4958.556612968445,
5231.291622877121,
5652.658710479736,
5850.507962226868,
6345.020756721497,
5655.893669366837,
5239.476379871368,
5020.680507659912,
4927.488393545151,
4922.349236488342,
4858.268245220184,
4841.366705417633,
4789.472225666046,
4650.802943706512,
5704.405676841736,
5873.897492170334,
5742.664571762085,
5249.478644371033,
4913.114928722382,
4765.888256788254,
4733.222259759903,
4681.0059542655945,
4660.638450860977,
4631.938778877258,
4602.805372238159,
4574.200225830078,
4978.304503917694,
5351.114233970642,
5560.709077835083,
5776.506068229675,
5999.568703174591,
5155.5353326797485,
4834.545046567917,
4651.240238189697,
4583.030669927597,
4569.999517917633,
4509.005209684372,
4508.639489650726,
4476.943243026733,
4436.419172286987,
4411.161627292633,
4952.387224435806,
5301.20227265358,
5475.134147167206,
5682.855439424515,
5608.455308437347,
5028.6732766628265,
4703.872370958328,
4553.335412979126,
4524.9749965667725,
4520.676403999329,
4459.685840129852,
4420.043385028839,
4431.344002008438,
4362.948506832123,
4337.4095187187195,
4912.62966299057,
5228.004600286484,
5532.510667562485,
5471.922096252441,
5681.12609577179,
4948.49929189682,
4667.935297012329,
4529.731377124786,
4479.927553653717,
4455.597085952759,
4432.166155338287,
4439.250268697739,
4374.921138763428,
4349.600706338882,
4316.884887933731,
4822.330568552017,
5147.837655544281,
5353.4847021102905,
5569.21689248085,
5890.107038497925,
5707.012835025787,
5770.908357143402,
5795.324498176575,
5876.056429386139,
5904.295933961868,
5917.1933925151825,
6059.614639759064,
6076.032196521759,
5982.397961139679,
6095.999383449554,
6088.21248960495,
5958.084507465363,
5965.334924936295,
5958.359548807144,
5958.349493026733,
6250.39612865448,
5994.9061098098755,
6014.810146570206,
6042.4431409835815,
6023.2369294166565,
6007.07900929451,
6027.431352615356,
6091.186373949051,
6063.635598182678,
6071.900429725647,
6055.569437980652,
6275.269725322723,
6381.406252861023,
6031.168160915375,
5180.820333003998,
4888.426125764847,
4705.675903081894,
4635.84893321991,
4574.829608440399,
4514.707859992981,
4226.093417644501,
4591.992881536484,
4409.2481298446655,
4848.3681173324585,
5136.554173707962,
5436.704331159592,
5538.00385594368,
5444.8762674331665,
4891.919825077057,
4534.470643043518,
4371.07662153244,
4297.642846822739,
4221.282975196838,
4203.836452245712,
4179.3093683719635,
4158.799639463425,
4109.957768440247,
4064.9280049800873,
4522.526638507843,
4819.850156545639,
5218.583332538605,
5185.40976524353,
5112.655177116394,
4583.793391227722,
4272.991515874863,
4089.894862174988,
4012.219274997711,
3991.672371864319,
3963.184168815613,
3950.956556558609,
3934.4712398052216,
3901.7278735637665,
3873.012234687805,
4221.013121128082,
4615.762664794922,
4798.885120868683,
5011.294333457947,
4998.946308135986,
4746.038195133209,
4403.382351875305,
4127.228451251984,
4064.797156572342,
4044.3041932582855,
4011.8502883911133,
4016.0500049591064,
4011.93825006485,
4015.926470041275,
3987.2020449638367,
4045.276532649994,
4542.364904165268,
4884.907061576843,
4892.195031642914,
5095.431154727936,
5157.164165496826,
5379.656811714172,
5290.949824810028,
5355.043692350388,
5506.327525615692,
5416.788658618927,
5610.750915050507,
5599.466948509216,
5513.3459985256195,
5537.7516667842865,
5549.966685533524,
5684.33166384697,
5676.101116895676,
5530.705680847168,
5668.898018836975,
5527.002076625824,
5538.262045621872,
5546.328670740128,
5799.581271648407,
5705.3473834991455,
5595.797772884369,
5567.557566165924,
5574.950995922089,
5547.565348625183,
5574.904587268829,
5550.680453300476,
5656.736127853394,
5775.562739849091,
5546.914325714111,
5787.634358406067,
5137.676950454712,
4880.92227935791,
4746.944112539291,
4437.255812883377,
4310.742537498474,
4217.058155536652,
4143.28937959671,
4078.078817844391,
4033.0949409008026,
3947.321759223938,
4221.590667009354,
4608.603299379349,
5043.726987361908,
5113.714464664459,
5036.431302547455,
4729.909338235855,
4355.727835178375,
4856.437255859375,
6308.349109172821,
5993.285685062408,
5942.242058753967,
5875.925540924072,
5987.025179862976,
5715.42676448822,
5550.23256111145,
5526.003492832184,
5504.375630617142,
5465.423190116882,
5460.912912130356,
5423.596704006195,
5356.07043838501,
5631.272339344025,
5724.648557662964,
5696.527854442596,
5679.951825380325,
5723.962729930878,
5716.456157922745,
5708.142368793488,
5695.155699014664,
5830.574875831604,
5828.321961641312,
5820.1420476436615,
5989.298484325409,
5973.1409912109375,
6074.811697483063,
6033.4348883628845,
5988.777095079422,
5924.173840999603,
5851.54905295372,
5776.242138385773,
5791.174157381058,
5796.228110790253,
5800.360579490662,
5771.942832946777,
5734.57685136795,
5789.585876941681,
4305.500813484192,
4866.045312166214,
4705.035314083099,
5450.265674114227,
5703.423695802689,
5840.079072713852,
6037.645688056946,
5657.738312959671,
5436.845794677734,
5303.167147636414,
5214.083717823029,
5165.24914598465,
5097.036003112793,
5064.580820560455,
5072.099263191223,
4998.564249277115,
5400.451360940933,
5528.515778064728,
5019.681287527084,
4868.597445964813,
4780.450839042664,
4714.6079704761505,
4638.257330417633,
4697.896037101746,
4742.851021766663,
4723.2650718688965,
4593.224160194397,
4768.3761439323425,
5435.734689950943,
5677.654271602631,
5786.701657295227,
5851.1881902217865,
4827.582947969437,
4571.9924829006195,
4205.398438453674,
4084.114235639572,
4083.3283276557922,
4079.505206346512,
4132.463720083237,
4225.947739601135,
4160.780930757523,
4095.530539751053,
4809.430742740631,
5335.387249469757,
5569.436994552612,
5690.399686336517,
4826.563805818558,
4221.897354364395,
3985.281266927719,
3961.087837457657,
4058.773169517517,
4107.598578929901,
4185.16598367691,
4238.062747955322,
4225.661854028702,
4189.17476272583,
4137.186593055725,
4983.365170001984,
5403.700461864471,
5653.542181491852,
5115.912810325623,
4759.361512184143,
4342.84957075119,
6125.504699230194,
6622.524400472641,
4742.246546268463,
4352.09152841568,
4255.669122457504,
4617.259503364563,
4727.106510639191,
4747.722759723663,
4815.855059146881,
4819.375284910202,
4714.113752126694,
4564.877102851868,
5306.480120420456,
5637.255565166473,
5115.713526248932,
4835.750339269638,
4670.521353721619,
4653.158001899719,
4605.397623538971,
4665.32040643692,
4645.80704498291,
4686.353289842606,
4718.021473407745,
4689.640121936798,
4963.492606639862,
5460.539438486099,
5678.542674064636,
5616.1923179626465,
5087.892469882965,
4856.181739091873,
4701.860587120056,
4653.96207857132,
4682.459691524506,
4713.853984594345,
4726.181864500046,
4698.240934848785,
4697.486119747162,
4660.964652299881,
5314.340214967728,
5650.185935497284,
6039.978839874268,
5414.235290288925,
5082.605727672577,
4893.209790229797,
4835.4927110672,
4750.29656124115,
4778.820580244064,
4767.536687850952,
4774.580034017563,
4714.774330615997,
4705.535208463669,
5099.915981292725,
5556.410861492157,
5770.032189369202,
5588.041676044464,
5144.331506252289,
4953.919979095459,
4863.693267822266,
4762.612298250198,
4493.426721096039,
6410.56861281395,
6672.908162593842,
5673.143241882324,
5363.180805206299,
5148.79412984848,
5006.050510883331,
4880.27082324028,
4751.417009830475,
5408.191890239716,
5658.194217205048,
5746.871169567108,
5806.607070446014,
5810.11617231369,
5834.537635564804,
5730.679656028748,
5710.328971385956,
5729.747664928436,
5714.495470046997,
5741.815246105194,
5730.5967717170715,
5726.620569705963,
5753.905778884888,
5508.343376636505,
5422.76055431366,
5698.750392913818,
6070.215895652771,
5508.353248357773,
5387.517659664154,
5333.878935098648,
5282.371397018433,
4766.32155585289,
4535.907017230988,
4438.242548942566,
4467.108236789703,
4469.883414983749,
4393.54937171936,
4662.124866962433,
5233.914151668549,
5452.011124134064,
5584.2789397239685,
5648.669426679611,
5476.818454027176,
4717.419080734253,
4543.159077644348,
4457.557586431503,
4347.78268456459,
4351.467614889145,
4368.092736005783,
4339.457877397537,
4327.2588448524475,
4282.397338151932,
4225.120247840881,
4738.62749004364,
5136.495074272156,
5345.707232236862,
5435.408280849457,
5539.477874755859,
5016.477114439011,
4538.691308021545,
4416.676864147186,
4331.245877504349,
4224.984134674072,
4176.240458250046,
4147.332827806473,
3512.431225299835,
5404.295864105225,
5197.522953987122,
5084.093029975891,
5002.922914981842,
5108.830165863037,
5339.181645870209,
5464.2882351875305,
5544.962663888931,
5605.633943080902,
5666.001419067383,
5729.700350522995,
5742.627060413361,
5750.6459856033325,
5790.029780626297,
5826.302935361862,
6043.735216140747,
4514.210458517075,
4070.70067858696,
4303.743995189667,
4426.420527935028,
4587.941480636597,
4709.505420207977,
4758.547316074371,
4628.019581794739,
4445.230096578598,
4327.001428365707,
4873.536812067032,
5294.254010677338,
5451.628635644913,
5528.391355514526,
5564.660185098648,
4928.407789230347,
4454.440234184265,
4507.282387495041,
4877.325563430786,
5047.181180238724,
5111.926706314087,
5229.453044891357,
5241.332681179047,
5216.835909843445,
5143.188830375671,
5157.757739067078,
5604.296643972397,
5718.002454280853,
5842.0694217681885,
5402.269919157028,
5341.502194404602,
5277.686285018921,
5297.217699766159,
5385.93590259552,
5358.56640958786,
5386.050550699234,
5446.495803356171,
5370.612585067749,
5342.43435049057,
5705.979924201965,
5709.813566207886,
5503.121247291565,
5203.941980838776,
5187.6945922374725,
5232.41675901413,
5321.588019132614,
4937.0536279678345,
4745.778439283371,
4587.4656047821045,
4457.345890283585,
5038.7711844444275,
5466.967331409454,
5636.321652889252,
5693.548846483231,
4802.422896385193,
4155.719319343567,
3858.215858221054,
3784.7438287734985,
3710.0660190582275,
5698.87216591835,
5678.766170024872,
5698.829246997833,
5729.872062921524,
5741.897088527679,
5762.936762332916,
5915.353715419769,
6088.3202023506165,
5580.278399705887,
5232.619367361069,
5102.877201795578,
5063.106200933456,
5075.571721076965,
5156.760899782181,
5252.58359003067,
5236.586499214172,
5111.72131729126,
5045.744500398636,
5451.424400568008,
5526.369445562363,
5045.99227643013,
4762.935248374939,
4633.22146654129,
4470.708432435989,
4473.628081321716,
4473.510835409164,
4436.819954633713,
4275.092975616455,
4177.525201320648,
4295.720303535461,
5123.28933596611,
5438.388863801956,
5579.783917427063,
5653.162299156189,
4639.620036363602,
4315.066996574402,
4143.316652774811,
4176.447607278824,
4225.449199676514,
4266.871057510376,
4364.439505577087,
4372.594342708588,
4351.308715105057,
4254.880593299866,
4327.922885894775,
4640.269571781158,
4745.71392083168,
4778.107809782028,
4794.532963514328,
4787.153491735458,
4338.973595380783,
4230.498284816742,
4225.249306201935,
4205.628872871399,
4131.61755657196,
4160.759702205658,
4474.434107065201,
5029.790740728378,
5215.651560783386,
5252.023987054825,
5256.081353902817,
5191.334679603577,
5155.89128112793,
5151.792642354965,
5135.732225418091,
5146.62194442749,
5148.230268955231,
5301.539390087128,
5414.003699302673,
5454.247796297073,
5093.045866966248,
5747.086236476898,
5650.125100135803,
5589.460528850555,
5568.309952259064,
5516.609015464783,
5504.544339179993,
5504.480868816376,
5535.892969608307,
5559.91001534462,
5580.095461606979,
5573.064341068268,
5572.928424358368,
5540.60523891449,
5528.423739910126,
5520.107561588287,
5508.222843170166,
5495.908646821976,
5515.505891561508,
5496.032541275024,
5495.860102415085,
5483.805447101593,
5471.721493721008,
5487.97564125061,
5512.273897647858,
5540.267489433289,
5579.884487628937,
5579.792366981506,
5563.41392993927,
5563.6547610759735,
5548.397248268127,
5548.2584183216095,
5540.272165298462,
5536.033275604248,
5532.381798744202,
5353.599401950836,
5284.619148015976,
5240.153830051422,
5375.791603565216,
5733.198114395142,
5809.7811806201935,
6145.195885419846,
6051.290316104889,
5632.838792800903,
5870.41251039505,
5596.5923409461975,
5466.622812271118,
5386.74024105072,
5398.950663089752,
5503.044490814209,
5584.626864433289,
5649.235627651215,
5672.175636053085,
5603.645167589188,
5491.553105592728,
5729.079375743866,
5587.250097990036,
5450.252068281174,
5350.161470890045,
5305.527380466461,
5285.2654666900635,
5261.198493003845,
5249.031960964203,
5273.406008243561,
5405.915827035904,
5211.4773645401,
5655.510600566864,
5518.247554779053,
5424.997270584106,
5388.423786640167,
5356.014214038849,
5339.695570707321,
5444.018200874329,
5533.607024431229,
5569.911567211151,
5646.6406235694885,
5634.32959985733,
4725.908336400986,
4690.209887504578,
4717.509855508804,
4694.049006938934,
4702.114144325256,
4729.372821569443,
4713.871882200241,
4714.144736766815,
4710.081609725952,
4717.991055488586,
4798.426150560379,
4750.8416867256165,
4520.657260417938,
4498.570736169815,
4386.1365847587585,
4072.657556295395,
4080.599545955658,
4080.34330534935,
4072.1299872398376,
4071.8671038150787,
4051.5204162597656,
4055.534241914749,
4051.4273171424866,
4043.138979911804,
4047.3439025878906,
4096.291787147522,
4141.198956727982,
4149.346061944962,
4161.3825170993805,
4165.440050601959,
4161.420164346695,
4153.207425117493,
4132.70138001442,
4116.464192867279,
4112.3362691402435,
4108.2045748233795,
4095.961286306381,
4083.7650468349457,
4075.603905439377,
4071.359481573105,
4075.6006982326508,
4083.7763810157776,
4087.7359580993652,
4144.905131340027,
4161.18235206604,
4157.082236766815,
4157.011929035187,
4161.279654502869,
4165.349649190903,
4157.097486972809,
4173.4306473731995,
4181.572877645493,
4173.467450380325,
4156.855311870575,
4140.725072383881,
4136.610316038132,
4128.6136021614075,
4129.59855222702,
4173.188734054565,
4214.151852607727,
4246.67688035965,
5408.480800151825,
5364.1784834861755,
5359.217523574829,
5347.2018167972565,
5318.881314992905,
5294.373542547226,
5250.804619312286,
5266.194014310837,
5262.261048078537,
5257.993278503418,
5238.715001106262,
5270.293340206146,
5298.5781445503235,
5307.591520309448,
5339.090041399002,
5344.206787109375,
5368.259856939316,
5348.133464813232,
5343.884840011597,
5367.399900197983,
5348.148386478424,
5340.031055927277,
5339.1186463832855,
5307.4935846328735,
5307.577248573303,
5306.558661699295,
5254.898983001709,
4575.004262447357,
4855.150124073029,
5040.800693035126,
5150.080528974533,
5182.122230529785,
5204.834051847458,
4989.914909124374,
4626.156527757645,
4483.642902851105,
4426.759902477264,
4445.743564128876,
4458.075768232346,
4462.1204607486725,
4438.712005138397,
4418.413214206696,
4405.085857629776,
4450.774037361145,
4864.261224985123,
5002.976772785187,
5082.845923900604,
5111.364944458008,
5045.975769042969,
4645.587073802948,
4534.9828362464905,
4437.46248793602,
4400.849348783493,
4348.931858539581,
4351.724844694138,
4368.160717964172,
4351.829655170441,
4351.697428703308,
4327.41361784935,
4705.8821840286255,
4949.073838710785,
5070.923489809036,
5095.7956199646,
5148.458230018616,
4831.878935813904,
4633.187448978424,
4498.101812124252,
4405.672189235687,
4356.824140071869,
4315.020341873169,
4251.041427612305,
4288.508006811142,
4574.262939453125,
4205.9554805755615,
4102.956142425537,
4046.0195729732513,
4005.4148132801056,
3976.8186976909637,
3944.064625263214,
3923.5030057430267,
3911.5303819179535,
3895.007019996643,
3878.780999183655,
3862.3619556427,
3850.2674946784973,
4120.931310176849,
4526.637134552002,
4681.008453845978,
4722.469931125641,
4351.243155241013,
4188.812530994415,
4135.719092845917,
4098.975256204605,
4066.4408605098724,
4045.8567399978638,
4002.137667655945,
4013.196999311447,
3961.183394432068,
3928.7356567382812,
3944.1048061847687,
4017.418045282364,
4473.499189376831,
4729.4384434223175,
4818.662304878235,
4863.3648319244385,
4837.608379364014,
4375.773108720779,
4168.420565128326,
4058.243553161621,
3989.7169914245605,
3976.731018304825,
3968.337578058243,
3960.438629627228,
3931.7908351421356,
3927.6460564136505,
3939.814534664154,
4025.4932277202606,
4351.625836849213,
4630.812122821808,
4192.590624809265,
4098.8913288116455,
4074.4175951480865,
4066.388689517975,
4062.1833431720734,
4066.3106396198273,
4058.0756001472473,
4062.1845922470093,
3777.529088973999,
4321.077904224396,
4141.741845607758,
4071.1715466976166,
4014.3143944740295,
3969.0907769203186,
3944.5610711574554,
3920.0216772556305,
3927.951550722122,
3980.437253713608,
4225.852491617203,
4559.520239830017,
4645.537965536118,
4615.718540668488,
4135.58843588829,
4005.344647169113,
3931.8969564437866,
3899.2506182193756,
3882.9899382591248,
3862.442289352417,
3846.0020022392273,
3833.684844970703,
3829.865792274475,
3846.012231826782,
3825.6590802669525,
3760.17609333992,
3752.177203655243,
3788.716326713562,
3801.1213002204895,
3797.0799741744995,
3912.105043411255,
4207.704256057739,
3890.691027402878,
3813.2401938438416,
3772.5834741592407,
3739.2775707244873,
3727.517775774002,
3715.055290222168,
3683.5853929519653,
3686.523004055023,
3694.831464290619,
3698.8382334709167,
3698.8404879570007,
3711.0384616851807,
3698.847110271454,
3670.2595806121826,
3682.391821861267,
3649.681505203247,
3612.4455785751343,
3612.718471288681,
3592.3996653556824,
3584.257622241974,
3548.5455265045166,
3563.7044339179993,
3547.2800257205963,
3543.1159386634827,
3547.3812408447266,
3567.6135563850403,
3588.06986451149,
4021.3735563755035,
4245.416028499603,
4331.742146015167,
4228.57926940918,
4160.44705581665,
4424.416635513306,
4501.635928630829,
4554.465373516083,
4419.715602874756,
4282.559308767319,
4130.91398024559,
3902.5551207065582,
3829.602095603943,
4102.781233787537,
4359.338027715683,
4501.571962118149,
4582.7650599479675,
4635.702469587326,
4680.282950162888,
4693.459403038025,
4732.988456964493,
4734.136025905609,
4769.6375296115875,
4711.385704278946,
4352.003764629364,
4212.603156089783,
4008.7997965812683,
3915.013363599777,
3853.884476184845,
3800.779518842697,
3788.677611351013,
3837.3960542678833,
3821.20632147789,
3800.6361808776855,
3808.9756846427917,
3772.023077249527,
3727.0704050064087,
3682.247498512268,
4127.156236410141,
4342.840719461441,
4436.361122846603,
3850.2969789505005,
4905.9398555755615,
4820.635890007019,
4827.68061208725,
4792.033685684204,
4783.99437379837,
4783.831948757172,
4783.64945602417,
4802.940844774246,
4819.308276891708,
4827.0474689006805,
4815.9454464912415,
4819.8865785598755,
4835.054281949997,
4835.174637079239,
4827.980748653412,
4851.2674741744995,
4863.4979655742645,
4848.136642456055,
4871.364573955536,
4856.157732009888,
4856.099886894226,
4867.317120075226,
4871.400854349136,
4864.207426071167,
4868.132464885712,
4864.15901184082,
4871.258441209793,
4839.912285327911,
4839.759855031967,
4838.620862007141,
4819.343679428101,
4815.294277667999,
4834.698286056519,
4830.753655672073,
4611.30509185791,
4226.2290558815,
4184.306401014328,
4094.753696203232,
4045.7056126594543,
4014.019124984741,
4004.9952993392944,
3968.2758910655975,
3920.3109402656555,
3915.1113333702087,
3890.5788898468018,
4168.583335638046,
4453.79377412796,
4575.586573600769,
4628.519507408142,
4684.404408216476,
4602.229629516602,
4004.853541612625,
3939.8845014572144,
3861.7320668697357,
3857.497183084488,
3871.1771669387817,
3861.854834794998,
3857.9199199676514,
3857.8799097537994,
3845.6416482925415,
3833.3819308280945,
3831.405976295471,
4270.880311489105,
4461.772592544556,
4562.319599151611,
4575.387000799179,
4623.314035415649,
4049.418944835663,
3845.7158346176147,
3788.4377579689026,
3821.207179069519,
3878.1904673576355,
3878.2970657348633,
3833.21284198761,
3821.2792489528656,
3808.7707784175873,
3800.6724631786346,
3779.9994390010834,
4124.207337379456,
4376.45667886734,
4501.460181951523,
4549.997214078903,
4594.545951604843,
4427.039056301117,
4020.8668813705444,
3967.9148466587067,
3894.433594226837,
3878.15123796463,
3841.46991109848,
3800.546273946762,
3796.4178347587585,
3775.9143538475037,
3735.2838859558105,
3718.8790607452393,
3781.1183047294617,
4298.062403678894,
4420.902817726135,
4496.933772087097,
4530.563935756683,
4110.473046302795,
5023.451798915863,
4958.443638801575,
4929.88543176651,
4932.884314060211,
4925.462564468384,
4913.25279378891,
4917.311918735504,
4948.653583049774,
4937.280175209045,
4980.820242404938,
5005.080785989761,
4994.033013343811,
4989.94858789444,
5013.2354946136475,
5013.209867477417,
4993.881327152252,
4993.7130517959595,
5004.830179929733,
5000.9053790569305,
4985.654325962067,
4993.776724815369,
4993.591594457626,
4993.552114009857,
5001.705979347229,
5013.81475019455,
5021.965332984924,
5030.132204532623,
5034.038729667664,
5030.151153087616,
5038.022534132004,
5046.2757868766785,
5046.139816761017,
5037.924406528473,
5042.095283031464,
5054.271722793579,
5001.3407526016235,
4900.087162971497,
4819.064260482788,
4762.186440229416,
4664.052096128464,
4594.981330871582,
4570.536164283752,
4533.835218906403,
4473.847238063812,
4449.724938869476,
4611.314188241959,
4716.715685367584,
4761.370125770569,
4785.601600885391,
4794.750176906586,
4786.476442813873,
4708.111301422119,
4590.805597305298,
4505.433973789215,
4452.5230894088745,
4408.837230205536,
4424.261273622513,
4379.39981174469,
4350.849228382111,
4326.486794948578,
4314.037662267685,
4343.832859039307,
4521.758583545685,
4582.41032409668,
4591.611539840698,
4611.855842113495,
4626.903025150299,
4530.46563410759,
4404.542750597,
4350.694516420364,
4306.8371477127075,
4310.133665561676,
4294.833714008331,
4306.902380466461,
4278.355543613434,
4249.93839597702,
4261.069934129715,
4270.391645908356,
4444.478256225586,
4525.467366218567,
4562.13577914238,
4566.9727919101715,
4595.381717205048,
4530.237224340439,
4419.522807836533,
4350.451536417007,
4306.0322701931,
4293.836117506027,
4257.0726816654205,
4265.12579536438,
4248.815092325211,
4204.052131175995,
4179.661883354187,
4197.239686012268,
4427.827041864395,
4496.911149978638,
4537.588228940964,
4553.834311008453,
4574.224868774414,
4109.1664781570435,
5176.553987979889,
5051.574135303497,
4885.081848621368,
4836.385847091675,
4811.9993624687195,
4803.870732784271,
4799.613140106201,
5037.894403457642,
5135.85223865509,
5176.149185180664,
5127.764615535736,
5078.680256128311,
5025.111273527145,
5006.057619094849,
4957.499849796295,
4944.310136556625,
5073.906481742859,
4996.606369018555,
4916.749748706818,
4876.156976222992,
4875.160125017166,
4846.802431821823,
4937.024402618408,
5054.510787963867,
5134.560972929001,
5073.649296998978,
5045.376929521561,
5033.243927001953,
5000.670451164246,
4951.89421916008,
4927.81659245491,
4903.419984102249,
4813.9241807460785,
4790.905539035797,
4798.8099846839905,
4802.956542491913,
4826.400235176086,
4810.060830354691,
4809.989289522171,
4786.594675540924,
4786.6896023750305,
4774.44933795929,
4770.3863825798035,
4781.537619352341,
4789.6542937755585,
4737.869578361511,
4684.041617870331,
4631.331267356873,
4575.362059593201,
4566.412762641907,
4529.713738203049,
4562.144535779953,
4590.687334537506,
4610.850970745087,
4616.016716957092,
4651.547566652298,
4640.376187801361,
4652.415710926056,
4688.098448514938,
4696.06301856041,
4720.501695394516,
4713.273343086243,
4717.176752090454,
4725.467668056488,
4744.734206676483,
4740.580790281296,
4744.94749712944,
4733.663382053375,
4752.978109121323,
4835.180611133575,
5012.6136729717255,
5065.932381153107,
5053.509787559509,
5005.101511001587,
4960.287967205048,
4956.5377378463745,
4936.326457023621,
4927.20414686203,
4903.041344642639,
4879.356153488159,
4838.868344783783,
4834.825946331024,
4838.849555015564,
4834.8072872161865,
4862.327393293381,
4996.2223172187805,
5065.857105016708,
5072.655916929245,
5028.404250621796,
4992.82742023468,
4964.580966472626,
4960.572248458862,
4988.772693157196,
5029.714438915253,
5162.771591186523,
5214.372300863266,
5190.285119533539,
5174.075001955032,
5134.469302654266,
4050.8789958953857,
3613.486193418503,
3467.3047885894775,
4213.904319524765,
4429.28107380867,
4514.580285549164,
4515.374107837677,
4538.723169803619,
4539.528679847717,
4558.860563755035,
4562.791923522949,
4567.964431285858,
4603.197046041489,
4616.493193149567,
4680.51149392128,
4648.898542881012,
4661.054691314697,
4712.799900770187,
4717.735941171646,
4685.235540390015,
4668.989813327789,
4708.674054384232,
4716.56841301918,
4705.338266372681,
4728.848333597183,
4717.628884315491,
4713.453284502029,
4721.677299976349,
4725.745470523834,
4745.877084493637,
4741.744033813477,
4758.045530319214,
4774.189236164093,
4761.889509439468,
4781.342445135117,
4793.452135324478,
4781.235864877701,
4753.931186199188,
4765.176518678665,
4484.240301847458,
4151.092834711075,
4016.610464334488,
3981.302182674408,
4041.3938212394714,
4090.081156015396,
4106.130430698395,
4102.324986219406,
4090.1618456840515,
3967.6273698806763,
3922.9725790023804,
4196.516491651535,
4464.567029237747,
4542.652426242828,
4582.9396958351135,
4611.604163646698,
4609.700204610825,
4203.906026601791,
4036.9571256637573,
3988.0233771800995,
3979.9190833568573,
4004.472936153412,
4032.5787563323975,
3975.7413749694824,
3975.8314111232758,
3939.8945260047913,
3914.662496805191,
3931.9787447452545,
4395.160453081131,
4497.802767276764,
4569.857177734375,
4574.742680072784,
4595.173228740692,
4223.981245279312,
4025.5580492019653,
3979.8719775676727,
3979.743814945221,
4036.8770847320557,
4089.7198078632355,
4103.068418502808,
4130.515681743622,
4171.134486436844,
4057.771279811859,
3960.034682750702,
4216.308687925339,
4408.289309024811,
4493.607572078705,
4533.783403396606,
4558.4749212265015,
4462.611522436142,
3995.969176054001,
4057.3005464076996,
4101.869667053223,
4122.108781814575,
4150.767582416534,
4195.518066167831,
4223.9987025260925,
4240.243984460831,
4223.786511421204,
4227.901987791061,
4310.109551668167,
4084.2851610183716,
5006.748936653137,
4849.448600292206,
4800.5797872543335,
4654.2522830963135,
4548.3761348724365,
4519.94002532959,
4490.42903137207,
4433.340374708176,
4376.339044570923,
4319.719445228577,
4311.4068031311035,
4278.773283958435,
4275.774751186371,
4300.206737518311,
4482.1582770347595,
4510.343275308609,
4499.237065792084,
4491.069388389587,
4491.087180614471,
4274.226715087891,
4156.375464439392,
4083.834807872772,
4029.9947471618652,
3952.4622898101807,
4017.6809537410736,
4018.7907733917236,
4034.0922150611877,
4030.7691135406494,
3961.1618523597717,
3903.4061183929443,
4099.318146944046,
4206.022330760956,
4258.729473114014,
4278.9277539253235,
4283.183239221573,
4128.243085384369,
3984.666733980179,
3935.9420018196106,
3908.2445158958435,
3895.012496948242,
3911.305717945099,
3952.2611196041107,
3965.232304096222,
3956.2140188217163,
3931.8334650993347,
3923.5891959667206,
4111.368426799774,
4205.9099650383,
4234.275589227676,
4249.533972978592,
4238.191178560257,
4253.4508736133575,
3985.7305870056152,
3894.922601222992,
3911.197201490402,
3927.64998626709,
3968.3915462493896,
3960.3157427310944,
3927.65625,
3879.654218673706,
3907.072472333908,
3886.777118206024,
3849.9518411159515,
4070.246180295944,
4176.212290525436,
4193.465284824371,
4222.131723880768,
4257.59227514267,
4234.158658504486,
4242.328740596771,
4257.4897294044495,
4242.20289516449,
4269.779024839401,
4273.835618972778,
4266.845794677734,
4281.872062921524,
4262.59680891037,
4262.387578725815,
4269.645432472229,
4265.576093196869,
4261.351081371307,
4241.057215929031,
4209.459825515747,
4216.720341920853,
4212.628598213196,
4200.2939453125,
4164.750158786774,
4175.945975065231,
4171.89969086647,
4167.7645671367645,
4167.9634573459625,
4159.484129667282,
4140.408480644226,
4155.538087129593,
4147.54278755188,
4111.841721534729,
4127.128742218018,
4106.687618970871,
4079.237332344055,
3484.4501271247864,
3946.5052580833435,
3851.271541595459,
4072.6357712745667,
4173.404681682587,
4194.610950231552,
4226.102731227875,
4242.236069202423,
4107.292610168457,
3907.7514338493347,
3871.097494840622,
3871.0634772777557,
3895.4399151802063,
3907.8251361846924,
3919.81010055542,
3948.46892786026,
3948.3472723960876,
3956.5159027576447,
3949.283814907074,
4099.383926391602,
4213.25687623024,
4225.095304250717,
4234.442728996277,
4257.966588020325,
4246.967718601227,
3931.876202583313,
3798.1448063850403,
3772.8887519836426,
3686.7726199626923,
3633.8353157043457,
3686.985152721405,
3695.0891029834747,
3760.3780953884125,
3735.663080215454,
3662.185236930847,
3600.894163608551,
3895.352644443512,
4029.579267024994,
4094.950445175171,
4107.904523849487,
4128.3693861961365,
4101.694740056992,
3698.78218626976,
3604.9076340198517,
3576.1158702373505,
3555.8841965198517,
3600.8951716423035,
3633.474917411804,
3678.556229829788,
3703.055953502655,
3698.9190802574158,
3686.6104559898376,
3584.491464138031,
3916.365535736084,
4029.3792004585266,
4050.929328918457,
4062.8781809806824,
4090.446551799774,
3992.7647862434387,
3731.457642555237,
3650.838641643524,
3646.7317337989807,
3645.6321954727173,
3641.5094377994537,
3645.519357919693,
3617.9489879608154,
3637.563078403473,
3612.751727104187,
3584.970764875412,
3580.0581963062286,
3857.877779006958,
4012.869939804077,
4078.1114139556885,
4086.9893198013306,
4118.806528806686,
4119.593408346176,
4151.318138837814,
4155.282825708389,
4225.087967157364,
4403.585279464722,
4461.649628162384,
4533.65043258667,
4582.284665584564,
4631.081540107727,
4648.374396800995,
4696.081672906876,
4701.167382717133,
4713.251627922058,
4855.441655158997,
5009.027948379517,
4883.849286556244,
4757.90283536911,
5009.886094093323,
4789.3755402565,
4904.148962497711,
4798.486005306244,
4818.8334975242615,
4964.919606685638,
4886.821496009827,
5037.21618103981,
4017.5089979171753,
4371.1906151771545,
4508.267855167389,
4519.413145780563,
4523.262977838516,
4506.74867939949,
4494.400423526764,
4282.5320591926575,
4157.305516719818,
4128.897443294525,
4087.1728620529175,
4050.44260931015,
4013.5960693359375,
3961.4973163604736,
3945.294834136963,
3932.0038561820984,
3899.3000268936157,
3870.921746969223,
4078.6179053783417,
4156.955500602722,
4205.954464435577,
4238.316385746002,
4257.758800029755,
4111.771249294281,
3993.837018966675,
3935.8416180610657,
3886.715462207794,
3845.849139213562,
3854.2373600006104,
3813.272302865982,
3817.22305059433,
3792.6920664310455,
3716.2440061569214,
3747.8940551280975,
3920.213922023773,
4037.444679737091,
4065.845958709717,
4079.0656185150146,
4118.831503629684,
4130.933870315552,
3894.6718673706055,
3813.182721376419,
3806.0215406417847,
3874.0643417835236,
3772.2501339912415,
3731.3368349075317,
3739.4172127246857,
3698.6258504390717,
3657.685019016266,
3604.5978145599365,
3580.119901418686,
3768.230985403061,
3926.9105253219604,
3977.0111026763916,
4017.891363620758,
4030.1396498680115,
4057.6989736557007,
4057.572006225586,
4061.5412282943726,
4069.8077182769775,
4073.8702669143677,
4058.4374961853027,
4062.7714347839355,
4081.9427168369293,
4073.7767548561096,
4081.993696451187,
4090.1065714359283,
4098.369852542877,
4090.076779603958,
4086.0863134860992,
4086.0042054653168,
4077.905745744705,
4081.978622674942,
4077.7123239040375,
4058.4825887680054,
4077.803184747696,
4058.1382570266724,
4058.338116645813,
4074.720428466797,
4078.6084892749786,
4078.798972606659,
4114.281581878662,
4094.747688293457,
4118.45814871788,
4114.375073671341,
4094.0343692302704,
4094.146466255188,
4094.0222437381744,
4062.216646194458,
4077.703229904175,
3845.081691265106,
3673.746317625046,
3604.395129919052,
3567.421818256378,
3526.5382652282715,
3534.892891407013,
3563.271311044693,
3600.155905723572,
3624.7282259464264,
3587.779630422592,
2825.2881002426147,
3380.5674426555634,
3266.932559490204,
3854.4827761650085,
4009.5629901885986,
4066.297183036804,
4102.908237934113,
4127.556818246841,
3592.5451123714447,
3367.486275434494,
3248.5037710666656,
3195.5721712112427,
3199.492933511734,
3121.3040590286255,
3027.29167842865,
3043.4972150325775,
2986.0989830493927,
2846.4737679958344,
2772.329730987549,
3244.8039088249207,
3633.1268842220306,
3735.0544035434723,
3788.296322107315,
3820.885811328888,
3841.334026813507,
3108.9827213287354,
2805.2404170036316,
2644.812725543976,
2632.380706548691,
2620.2269427776337,
2611.799660921097,
2607.6919701099396,
2632.388663291931,
2624.2415704727173,
2505.3588428497314,
2439.1792361736298,
2361.0081577301025,
3031.470679998398,
3293.7581658363342,
3404.1876361370087,
3469.8099744319916,
3506.200536966324,
3198.2882227897644,
2579.148280620575,
2398.073532819748,
2600.012301683426,
2772.6871943473816,
3365.4776227474213,
3345.256327867508,
3439.379027366638,
3447.5802023410797,
3320.210417032242,
3111.9694204330444,
3242.8050327301025,
3701.231309890747,
3930.2756555080414,
4027.9671273231506,
4089.1030316352844,
4150.428576469421,
4214.4704966545105,
3627.2008159160614,
3484.3611767292023,
3431.103349685669,
3447.6895055770874,
3521.22212934494,
3328.675462245941,
3165.090849161148,
3140.427827835083,
3123.9487023353577,
3066.5740530490875,
3033.8454298973083,
3165.570281267166,
3696.8828933238983,
3916.860811471939,
4027.0087773799896,
4080.0501499176025,
4101.311712265015,
4134.02263212204,
4181.754517555237,
4202.035752058029,
4226.442645788193,
4247.015285491943,
4260.106879234314,
4329.308835506439,
4437.7015035152435,
4515.228951215744,
4661.113296985626,
4694.600533485413,
4746.218067884445,
4743.014047622681,
4747.055342674255,
4790.769227743149,
4775.5025844573975,
4783.755972862244,
4791.7436237335205,
4775.505865573883,
4790.728695631027,
4779.613221168518,
4827.287882804871,
4808.047544002533,
3452.9900436401367,
3285.371691942215,
3764.238268852234,
3964.641321182251,
4054.3259987831116,
4098.890534877777,
4131.329545497894,
4166.871581077576,
4163.637385368347,
4207.434220075607,
4243.9404356479645,
4281.409793376923,
4338.475041389465,
4414.496851444244,
4471.60378408432,
4512.03746676445,
4556.618417739868,
4580.960560798645,
4601.197252988815,
4589.967362880707,
4617.132748126984,
4617.176370859146,
4589.717601299286,
4569.512503623962,
4553.108675479889,
4553.102678775787,
4565.471650600433,
4608.990571260452,
4625.3503241539,
4748.1231417655945,
4642.432809829712,
4669.596885204315,
4811.938977479935,
4666.726356983185,
4677.849462032318,
4784.478239536285,
4776.384304523468,
4791.751336574554,
4646.32869386673,
4209.50918507576,
3657.0162229537964,
3464.0557799339294,
3341.3339326381683,
3238.9094717502594,
3144.73393535614,
2432.9099893569946,
4406.924984931946,
4326.473863601685,
4325.349134683609,
4209.61931180954,
3715.0049257278442,
3591.206551551819,
3530.017268180847,
3545.9767882823944,
3476.464010000229,
3435.506822824478,
3406.9713032245636,
3370.0808069705963,
3353.671635389328,
3267.683904647827,
3189.898656129837,
3762.4409115314484,
3930.4413368701935,
4007.8209657669067,
4067.8990149497986,
4096.316021680832,
3830.856033563614,
3508.77330994606,
3415.044983148575,
3353.529620885849,
3341.425883293152,
3304.402181148529,
3263.455367088318,
3242.820419073105,
3177.293615579605,
3123.7682797908783,
3091.2890808582306,
3070.710124731064,
3472.3028037548065,
3770.107100009918,
3868.841854572296,
3965.9229016304016,
4006.5406234264374,
4030.9651980400085,
4031.9279651641846,
4064.5515761375427,
4092.2181639671326,
4116.477248907089,
4148.997230052948,
4169.408639192581,
4174.352140903473,
4198.718239307404,
4223.134653568268,
4258.7402884960175,
4262.904694318771,
4266.862906932831,
4258.666600227356,
4270.954468488693,
4247.508822441101,
4255.790350437164,
4255.65363740921,
4275.06832408905,
4278.966300725937,
4263.685870170593,
4279.900670528412,
4292.027064323425,
4296.227745056152,
4331.68453502655,
4409.9630308151245,
4462.114070415497,
4417.985028743744,
4397.601019859314,
4416.911370515823,
4393.647958278656,
4385.447265625,
4381.32105588913,
4373.306307792664,
4010.600888967514,
3749.698722600937,
3638.996153354645,
3643.056044816971,
3569.6346089839935,
3430.6281270980835,
1564.0641403198242,
4152.865383386612,
3871.541401386261,
4263.134031534195,
4401.956708431244,
4462.000723361969,
4454.500548362732,
4446.611297607422,
3854.6529495716095,
3553.2649302482605,
3401.9257261753082,
3344.8695516586304,
3307.903302669525,
3283.354777574539,
3242.3684775829315,
3299.741307735443,
3348.7404420375824,
3270.9012722969055,
3156.112984418869,
3070.947276830673,
3594.0569236278534,
3785.9169447422028,
3856.1737241744995,
3907.906375169754,
3920.2760026454926,
3913.2559790611267,
3936.4229855537415,
3936.531162261963,
3925.2686285972595,
3952.741647720337,
3965.0077702999115,
3969.1046731472015,
3985.5439505577087,
3997.741255760193,
3990.5295844078064,
4009.825523376465,
4030.207785844803,
4030.3146879673004,
4002.3974182605743,
4001.6100702285767,
3989.3306498527527,
3957.964668273926,
3960.8367257118225,
3917.044145822525,
3924.238349914551,
3916.135242700577,
3924.324892282486,
3924.270407676697,
3924.2023367881775,
3936.663857460022,
3944.662197828293,
3968.8114433288574,
3973.0183033943176,
3969.140748977661,
3937.474672794342,
3952.8130583763123,
3948.614627599716,
3944.6221072673798,
3924.952955007553,
3552.206797838211,
3193.0555658340454,
3070.061262369156,
2975.707108259201,
2869.1583840847015,
2782.926623106003,
2713.160770893097,
2651.257943868637,
2630.7943556308746,
2577.52276468277,
2449.8008720874786,
2379.8613715171814,
2330.741596221924,
3021.0361795425415,
3258.430181503296,
3372.8721930980682,
3426.0217111110687,
3458.7003712654114,
3466.3869819641113,
2852.4957501888275,
2675.964672088623,
2593.7850019931793,
2503.4258699417114,
2482.8619842529297,
2548.6715540885925,
2564.9819107055664,
2667.8589248657227,
2766.2046337127686,
2733.4504346847534,
2688.466383934021,
2680.121358394623,
3045.4805178642273,
3307.427116394043,
3417.84233379364,
3479.093692779541,
3515.751378059387,
3544.497636318207,
3225.198228597641,
2967.275904893875,
2840.2346189022064,
2786.77436375618,
1916.0970067977905,
3362.0285000801086,
3492.6308376789093,
3549.8530626296997,
3565.95676445961,
3573.9381346702576,
3586.308267354965,
3598.3682746887207,
3598.4769349098206,
3573.778927087784,
3553.2218573093414,
3545.265105009079,
3532.9555225372314,
3532.9532656669617,
3524.626386165619,
3516.504910469055,
3520.5847566127777,
3512.3695225715637,
3504.1789927482605,
3671.596941947937,
3728.570967912674,
3757.2872970104218,
3765.419319152832,
3741.89305973053,
3725.3495774269104,
3748.8178627490997,
3765.150622367859,
3781.3391859531403,
3809.9727096557617,
3830.4682161808014,
3831.4792861938477,
3843.662621498108,
3899.568162202835,
3899.6711599826813,
3903.9160997867584,
3912.0063462257385,
3924.104367017746,
3904.65500831604,
3908.686760902405,
4062.2200713157654,
3147.5265080928802,
2705.0219855308533,
2478.834301710129,
2367.6160044670105,
2276.9894206523895,
2244.076621055603,
2223.460289955139,
2223.401996612549,
2157.375700235367,
2070.7644045352936,
2021.2466006278992,
1988.2463264465332,
1938.6861712932587,
2540.560736656189,
2836.0839936733246,
2943.74676322937,
3020.5541694164276,
3057.495970726013,
3061.6482446193695,
2494.8297970294952,
2256.2030148506165,
2153.1696951389313,
2012.9143872261047,
1959.3280675411224,
1934.5666081905365,
1946.972335577011,
1905.653816461563,
1884.731341600418,
1884.805874824524,
1839.5407643318176,
1802.2445983886719,
1794.0117962360382,
2120.543131828308,
2499.084081888199,
2630.4840412139893,
2704.5016779899597,
2737.360997915268,
2749.5153818130493,
2741.155983686447,
2029.5423669815063,
1864.268854856491,
1814.7405426502228,
1752.9289317131042,
1761.0680878162384,
1760.8040690422058,
1756.8968386650085,
1761.1038699150085,
1764.8889453411102,
1798.1792964935303,
1785.8139989376068,
1736.1374757289886,
1719.6418285369873,
2012.781597852707,
2354.807220697403,
2494.892968416214,
2572.916134119034,
2609.936665058136,
2626.493567943573,
2638.6979846954346,
1942.5873374938965,
1172.8150868415833,
2568.8749725818634,
3131.5830950737,
3254.242985725403,
3295.09908246994,
3299.156102657318,
3294.9467866420746,
3028.0420241355896,
2494.8597519397736,
2293.181411266327,
2181.8404681682587,
2115.8121161460876,
2128.277364015579,
2115.907215833664,
2091.0363852977753,
2086.7992379665375,
2074.540869951248,
1987.8503394126892,
1954.8905808925629,
1901.137919664383,
2338.4089398384094,
2619.035656929016,
2765.7833290100098,
2839.6053726673126,
2884.691520214081,
2917.4261376857758,
2551.7094082832336,
2132.1704399585724,
1992.04971241951,
1929.9324760437012,
1884.6621747016907,
1905.2391982078552,
1884.666552066803,
1930.0442419052124,
1971.2438912391663,
2004.180789232254,
1946.4872670173645,
1884.3175053596497,
1909.352724313736,
2078.8616127967834,
2523.156234025955,
2691.6855199337006,
2765.5239083766937,
2806.5646555423737,
2831.1364674568176,
2843.566499233246,
2276.220862865448,
2045.4823150634766,
1958.8099327087402,
1921.721872329712,
1929.9617788791656,
1942.253338098526,
1954.6314203739166,
1975.2936282157898,
1962.9796960353851,
1950.433175086975,
1929.8716959953308,
1925.7969028949738,
1913.345248222351,
2131.9090161323547,
2436.6713860034943,
2592.9057092666626,
2662.610587120056,
2707.8716576099396,
2740.6767015457153,
2765.400752067566,
2777.607321023941,
2802.183189868927,
2732.4669358730316,
2695.465049266815,
2683.1912949085236,
2674.9767096042633,
2666.766105890274,
2666.591460943222,
2670.8261795043945,
2647.2553844451904,
2666.6980278491974,
2674.8704125881195,
2670.7852075099945,
2662.6243546009064,
2666.711837053299,
2744.6370148658752,
2785.815469264984,
2781.5521183013916,
2781.6008763313293,
2785.7676842212677,
2793.9426503181458,
2797.7401883602142,
2798.1049728393555,
2814.378356695175,
2810.358919620514,
2830.9785232543945,
2847.279334306717,
2838.9761238098145,
2839.1458530426025,
2851.5257143974304,
2863.511650085449,
2863.6086468696594,
2831.947145462036,
2839.119972705841,
1952.3486185073853,
2713.5496780872345,
3073.90984582901,
3163.800398349762,
3171.8974344730377,
3159.603592157364,
3159.539477825165,
2785.8600237369537,
2325.8232312202454,
2132.0789289474487,
2087.0796060562134,
2008.4229445457458,
1987.9353713989258,
1938.2896201610565,
1934.1195673942566,
1942.3994607925415,
1954.8431553840637,
1954.7227630615234,
1925.7972264289856,
1871.9765257835388,
2033.2819237709045,
2506.6312279701233,
2753.202344417572,
2908.9753453731537,
3003.219302415848,
3081.0254666805267,
3146.621648788452,
3203.7078428268433,
3199.4165785312653,
3121.806575536728,
3093.292445898056,
3056.330560207367,
3035.77739405632,
3023.535808801651,
3015.2841198444366,
3011.236328125,
3007.088889360428,
3015.3084671497345,
3019.34809422493,
3015.2306759357452,
3015.1820814609528,
3337.8105762004852,
3318.0746414661407,
3399.7495725154877,
3456.8066470623016,
3497.806245326996,
3506.917190551758,
3558.9659147262573,
3702.023694753647,
3758.328826189041,
3782.8197638988495,
3674.1481289863586,
3726.105304002762,
3735.078755378723,
3901.627177476883,
3949.570258140564,
3986.250650405884,
4117.391412734985,
4007.4967017173767,
4274.784620761871,
3819.249335050583,
3653.1482083797455,
3574.9771206378937,
3430.7346234321594,
2941.2812077999115,
2797.764467716217,
2682.959804058075,
2539.121440887451,
2436.554118156433,
2366.55104470253,
2325.2767281532288,
2284.122869491577,
2279.9910423755646,
2275.806201696396,
2234.5876128673553,
2197.459531545639,
2156.3680968284607,
2440.632860183716,
2695.2763636112213,
2838.565676689148,
2871.4356768131256,
2895.7781631946564,
2904.1149237155914,
2764.2588987350464,
2378.546209335327,
2201.710278749466,
2082.213719367981,
1971.0448174476624,
1900.8397421836853,
1884.3085968494415,
1888.1966545581818,
1871.7842705249786,
1875.9481840133667,
1937.7972679138184,
1908.9693131446838,
1888.1048591136932,
1888.230031490326,
2008.2034862041473,
2485.3758800029755,
2719.3778252601624,
1942.368309020996,
2749.231649875641,
2810.6567730903625,
2802.2358136177063,
2785.9738535881042,
2781.610565662384,
2769.3319618701935,
2761.299530982971,
2469.228500843048,
2280.053236246109,
2193.6412715911865,
2197.660705804825,
2127.7768383026123,
2098.8195056915283,
2074.047684431076,
2057.505850315094,
1999.7750499248505,
2012.0849051475525,
1974.9821717739105,
1937.6974523067474,
1888.2164342403412,
2008.0706453323364,
2296.4405195713043,
2382.596255302429,
2436.1992456912994,
2452.6398508548737,
2489.762407064438,
2514.3154039382935,
2308.409631729126,
2044.9782719612122,
1933.684965133667,
1822.3064765930176,
1760.3408086299896,
1714.9250938892365,
1686.0179765224457,
1628.2351751327515,
1578.3788793087006,
1557.823434829712,
1437.7808406352997,
1375.8325192928314,
1305.4797077178955,
1251.6088206768036,
1214.2878620624542,
1760.448534488678,
2057.272603034973,
2221.958814382553,
2324.9171249866486,
2390.7543342113495,
2440.1208918094635,
2473.0059592723846,
2501.5030846595764,
2538.6727859973907,
2522.172725915909,
2501.6020691394806,
2505.7023260593414,
2505.7640705108643,
2510.0763444900513,
2518.036999940872,
2526.34769654274,
2526.392365694046,
2530.433062314987,
2522.0551669597626,
2518.0523731708527,
2526.3449404239655,
2534.6476786136627,
2645.418417453766,
2735.6606347560883,
2788.8675577640533,
2813.4656653404236,
2842.1735553741455,
2846.2221624851227,
2850.506747484207,
2854.4892542362213,
2866.9567341804504,
2903.7009234428406,
2932.3789870738983,
2956.9370470046997,
2989.830210208893,
3022.3876361846924,
3046.844633102417,
3205.5996899604797,
3230.273675441742,
3128.5817794799805,
3283.3501255512238,
3169.6767942905426,
3291.49751496315,
3149.134171485901,
3140.9959926605225,
3137.0159006118774,
3041.143705368042,
2007.717559337616,
1681.7806754112244,
1570.3727412223816,
1533.0517501831055,
1483.3637504577637,
1425.3222601413727,
1421.1834609508514,
1388.1548631191254,
1346.844390630722,
1309.5023713111877,
797.5506806373596,
2403.880918979645,
2304.982153892517,
2625.9318268299103,
2724.27982711792,
2748.6175990104675,
2765.2323451042175,
2756.982064962387,
2748.62570643425,
2378.6446866989136,
2131.919385433197,
2008.0528390407562,
1946.1730241775513,
1851.328601360321,
1797.6010551452637,
1764.5372886657715,
1748.0921835899353,
1731.5171270370483,
1715.0044622421265,
1681.9352078437805,
1661.237238407135,
1636.3989734649658,
1615.764821767807,
1872.0735449790955,
2123.493370294571,
2247.052668094635,
2329.165291070938,
2345.5929107666016,
2382.531117916107,
2399.057277441025,
2411.3747482299805,
2423.7068090438843,
2358.0213367938995,
2312.769537448883,
2292.1465122699738,
2275.594803094864,
2271.5454199314117,
2275.6571650505066,
2279.6628420352936,
2271.4919617176056,
2271.482248544693,
2271.6468119621277,
2263.2300646305084,
2263.250312566757,
2267.339702129364,
2271.6385843753815,
2341.4848930835724,
2370.1290707588196,
2407.208749771118,
2419.516520500183,
2423.742114543915,
2419.6297221183777,
2419.3996860980988,
2493.655497312546,
2702.8262662887573,
3195.4199557304382,
2895.492436647415,
2952.747683286667,
3001.768874645233,
3051.0946872234344,
3091.9974455833435,
3120.488629102707,
3161.3698539733887,
3324.139806032181,
3218.6220157146454,
3239.067802429199,
3511.4727103710175,
3397.685183763504,
3414.03431725502,
3300.2629578113556,
3169.2241172790527,
2624.8296270370483,
2452.341005086899,
2328.999107837677,
2254.811670780182,
2168.433073282242,
2020.498300075531,
1979.2048816680908,
1934.0150566101074,
1905.0469017028809,
1863.7837767601013,
1855.4630689620972,
1768.880383491516,
1723.397894859314,
1682.0957276821136,
1929.8247394561768,
2032.7999339103699,
2074.2496480941772,
2111.043743610382,
2119.4374985694885,
2123.3761291503906,
2119.4083590507507,
1884.4454536437988,
1768.826720237732,
1677.9368078708649,
1682.2423040866852,
1983.317896604538,
2057.1060841083527,
1582.8989787101746,
1413.3389434814453,
805.8176474571228,
2744.514426469803,
2613.311263561249,
2563.8186132907867,
2518.7764892578125,
2502.261347770691,
2481.493785381317,
2395.372886657715,
2329.370542049408,
2275.7808458805084,
2251.106939792633,
2222.2175374031067,
2201.645047903061,
2255.159607410431,
2300.5997943878174,
2353.8691036701202,
2374.488597393036,
2378.5729444026947,
2407.23250412941,
2432.0952882766724,
2502.0080106258392,
2661.91649723053,
2747.8648314476013,
2821.8118772506714,
2871.1297047138214,
2903.8105115890503,
2936.4467430114746,
2956.9188911914825,
2985.7489166259766,
3022.354840040207,
3046.9429030418396,
3079.676455974579,
3112.3483448028564,
3145.1416840553284,
3177.8674597740173,
3222.521690607071,
3219.5631980895996,
3238.729887485504,
3275.6543593406677,
3296.105469942093,
3316.6192231178284,
3332.787259578705,
3349.2381539344788,
3365.3537826538086,
3361.131414413452,
2873.992192029953,
2435.8835740089417,
2254.820646047592,
2201.43057012558,
2123.1544885635376,
2040.8029351234436,
1975.0018360614777,
2195.821197748184,
1907.8821666240692,
1775.8977766036987,
1718.205714225769,
1631.4953808784485,
1585.916626214981,
1532.3926484584808,
1486.8653802871704,
2056.4872767925262,
2249.8499290943146,
2286.9105038642883,
2303.3606317043304,
2303.266863822937,
2299.1054303646088,
2303.2577846050262,
1746.8649220466614,
1441.4601821899414,
1379.4598405361176,
1379.3018543720245,
1416.5711362361908,
1408.3732235431671,
1408.2932667732239,
1391.7921872138977,
1400.134839773178,
1375.31849527359,
1536.6445834636688,
1578.083456993103,
1511.725786447525,
1528.2685964107513,
1453.8736333847046,
1474.8348112106323,
1887.4205696582794,
2122.3288617134094,
2225.1768321990967,
2290.8402996063232,
2323.5944340229034,
2200.323232650757,
2167.5445132255554,
1726.508043050766,
1652.1537058353424,
1610.9431200027466,
1627.4903366565704,
1652.1630816459656,
1598.4696230888367,
1548.9102187156677,
1553.1618797779083,
1557.3029012680054,
1548.8513140678406,
1047.289933681488,
2813.6432523727417,
2760.416328430176,
2719.230209350586,
2694.579628944397,
2661.5150334835052,
2624.5429599285126,
2270.7019896507263,
2073.376073360443,
2003.3877937793732,
1957.8915939331055,
1838.3981697559357,
1826.0607905387878,
1784.694013118744,
1805.3774018287659,
1710.2700219154358,
1611.093189239502,
1499.6098747253418,
1383.9004158973694,
1371.3106422424316,
1363.3270592689514,
1375.7693197727203,
2176.3244063854218,
2398.5584626197815,
2488.715495109558,
2566.7795057296753,
2624.11701631546,
2673.3443775177,
2553.12131857872,
1660.6810636520386,
1433.4509999752045,
1313.5418453216553,
1201.693844795227,
1201.7626252174377,
1185.1814408302307,
1156.2094550132751,
1110.698382616043,
1065.2246837615967,
1077.5675678253174,
1346.8038165569305,
1904.287496805191,
1577.7556092739105,
1255.5461201667786,
1193.4489498138428,
1578.4164423942566,
1978.2921602725983,
2130.709557533264,
2229.4959502220154,
2287.0756351947784,
2324.0009093284607,
2361.060935974121,
1977.7777137756348,
1255.5849585533142,
1106.5557136535645,
1106.5549042224884,
1114.828910112381,
1114.978021144867,
1118.9513432979584,
1122.9607877731323,
1098.2379913330078,
1085.818881034851,
1081.6738052368164,
1102.3652739524841,
1081.6972858905792,
1011.3429670333862,
982.2296626567841,
965.7195386886597,
969.8168723583221,
1602.765415430069,
1838.23788022995,
1961.7616679668427,
2044.3346452713013,
2122.3908565044403,
2179.979790687561,
2225.2852890491486,
1511.5133559703827,
998.8932604789734,
907.7360882759094,
862.177054643631,
899.3775641918182,
916.1684255599976,
920.1647355556488,
982.2901930809021,
978.1046457290649,
945.0021181106567,
961.5785028934479,
912.0182809829712,
887.0581965446472,
899.4774544239044,
841.4321706295013,
853.8698692321777,
866.3391642570496,
1152.1139025688171,
1553.3172619342804,
1747.2045667171478,
1854.493709564209,
1932.8693587779999,
1994.598201751709,
2044.0893738269806,
2072.8316650390625,
1234.0027418136597,
2501.134612560272,
2377.9146041870117,
2312.333140850067,
2279.3455953598022,
2254.6723442077637,
2229.7695236206055,
1656.8038737773895,
1541.0778667926788,
1512.0084187984467,
1437.617149591446,
1383.9275841712952,
1375.8092980384827,
1350.742516040802,
1334.2535784244537,
1317.5485589504242,
1313.560490846634,
1474.8169965744019,
1404.6061234474182,
1371.4874143600464,
1383.8870840072632,
1371.4299733638763,
1772.4378929138184,
1879.679992198944,
1920.7084426879883,
1924.9977722167969,
1924.872134923935,
1928.9063544273376,
1933.0415408611298,
1685.2650799751282,
1375.5799272060394,
1276.2715921401978,
1239.0769402980804,
1176.9244329929352,
1102.267038345337,
1089.9071640968323,
1292.851193189621,
1309.3789691925049,
1305.1990377902985,
1321.7804126739502,
1297.1206040382385,
1296.958240032196,
1301.1057584285736,
1247.2617535591125,
1230.8426027297974,
1280.540546655655,
1487.206953048706,
1569.9651713371277,
1615.2630615234375,
1635.9943466186523,
1660.6697316169739,
1677.231467962265,
1685.4287400245667,
1487.1362280845642,
1164.4752261638641,
1065.153314113617,
1040.2908177375793,
1073.500956773758,
1168.6973598003387,
1172.7283487319946,
1168.6366739273071,
1181.0031433105469,
1176.9632856845856,
1172.7947154045105,
1172.8275439739227,
1139.6161222457886,
1127.1936202049255,
1106.5435721874237,
1044.5846877098083,
940.9234013557434,
1354.8421232700348,
1454.0194852352142,
1491.2589943408966,
1511.9820518493652,
1544.972864151001,
1573.846880197525,
1574.090334892273,
1578.0421550273895,
1180.9456872940063,
986.6162858009338,
928.4387485980988,
924.2319734096527,
969.9123709201813,
1056.8655264377594,
1060.996877670288,
1023.7589874267578,
1048.5586507320404,
1015.373272895813,
1027.9000375270844,
1015.3578798770905,
1011.3225700855255,
961.6278710365295,
944.8922123908997,
924.2959325313568,
911.925859451294,
1023.7929763793945,
1172.7971360683441,
1259.6798782348633,
1300.9801065921783,
1321.7770056724548,
668.2874917984009,
1788.9428930282593,
1602.9718270301819,
1516.1913974285126,
1826.347026348114,
2130.856065750122,
2237.7853145599365,
2283.170981645584,
2307.7914295196533,
2336.5934133529663,
2361.093130350113,
1821.4575910568237,
1503.7090110778809,
1388.0482430458069,
1350.7530314922333,
1301.1421828269958,
1280.4005150794983,
1272.0585169792175,
1168.659345149994,
1139.7262120246887,
1094.1568462848663,
1081.6689343452454,
1069.2635915279388,
1052.7520112991333,
1015.3959441184998,
1003.0496754646301,
986.479816198349,
1210.3497323989868,
1487.145457983017,
1549.3232040405273,
1586.357449054718,
1611.0993118286133,
1623.4569051265717,
1635.880879163742,
1656.4326765537262,
1375.3856852054596,
1085.7659449577332,
998.8835401535034,
961.7466735839844,
949.1559791564941,
953.2453589439392,
965.7494661808014,
994.7522032260895,
990.5012471675873,
994.7918653488159,
969.7655336856842,
986.5437684059143,
1176.8612973690033,
1073.5618252754211,
1023.7468316555023,
994.7432994842529,
974.0161943435669,
1040.333372592926,
1255.810001373291,
1346.5707004070282,
1392.012838602066,
1425.1284639835358,
1449.8848819732666,
1470.5634498596191,
1483.056211233139,
1491.2176990509033,
1185.0240879058838,
1061.018725156784,
998.8958368301392,
945.0034377574921,
953.5270400047302,
949.1723148822784,
936.8141050338745,
924.2462050914764,
924.3535492420197,
911.8761742115021,
916.0463352203369,
907.9199690818787,
903.8035326004028,
903.7008903026581,
903.670955657959,
924.3276262283325,
949.1480391025543,
1081.9276280403137,
1239.0037457942963,
1296.9460985660553,
1325.8873116970062,
1350.852921962738,
1375.5936727523804,
1387.8617298603058,
1400.3509578704834,
1404.375435590744,
1044.4617953300476,
932.6307713985443,
887.1156589984894,
870.4280874729156,
866.262099981308,
891.2769448757172,
874.6916992664337,
870.6741604804993,
874.6576817035675,
891.2130069732666,
899.4292056560516,
887.1010820865631,
878.8035955429077,
401.57666873931885,
1681.419457912445,
1829.9028515815735,
1813.6235449314117,
1805.2252144813538,
1776.3657610416412,
1772.2036657333374,
1755.7868032455444,
1697.5295960903168,
1379.7072026729584,
1267.846054315567,
1272.0266044139862,
1251.3720457553864,
1073.4273128509521,
1056.9100594520569,
1011.3989870548248,
974.0720450878143,
969.8725543022156,
957.4778957366943,
949.1375021934509,
945.0393447875977,
920.2290191650391,
953.3611214160919,
978.2021088600159,
974.0631413459778,
1027.9049084186554,
1127.2844376564026,
1152.0198538303375,
1168.753224849701,
1176.9383409023285,
1185.2510232925415,
1185.3559465408325,
1189.3524255752563,
1185.2105660438538,
940.9169402122498,
858.0813398361206,
841.4770059585571,
849.7741687297821,
891.1967968940735,
920.26025557518,
899.6602306365967,
874.6520085334778,
878.7979366779327,
845.6185417175293,
853.9500172138214,
862.2661063671112,
853.9702386856079,
853.9346451759338,
849.7652506828308,
829.058381319046,
812.4893171787262,
800.0944969654083,
862.1940741539001,
945.0733480453491,
994.7983551025391,
1011.497230052948,
1032.0847826004028,
1044.4658639431,
1052.7160873413086,
1056.93918466568,
1056.8865811824799,
866.3690989017487,
824.9561839103699,
800.0943207740784,
783.5918204784393,
816.5587997436523,
779.593391418457,
779.3973407745361,
766.9256246089935,
750.4342801570892,
758.7260935306549,
750.4140300750732,
754.4887218475342,
733.9882345199585,
742.1513562202454,
729.7047395706177,
717.163729429245,
713.1348659992218,
679.9821894168854,
700.7955729961395,
879.0140542984009,
920.2286591529846,
940.9355428218842,
957.4762768745422,
969.9504356384277,
974.0712356567383,
982.3436226844788,
986.5243349075317,
986.4458200931549,
762.8622798919678,
725.6073915958405,
737.9860303401947,
704.8249289989471,
680.1568641662598,
651.0838761329651,
638.6309101581573,
634.4937524795532,
634.4994113445282,
630.319522857666,
638.6356120109558,
272.22225427627563,
1354.952374458313,
1210.0066890716553,
1131.5911040306091,
1077.6250231266022,
1032.0346121788025,
999.0914015769958,
978.1641991138458,
945.1089773178101,
924.4271931648254,
845.6444435119629,
800.1293168067932,
791.7265977859497,
787.704519033432,
766.9750213623047,
758.6872193813324,
754.7574300765991,
721.4177684783936,
729.7435851097107,
675.8550474643707,
721.4469079971313,
708.9986867904663,
688.2221927642822,
713.0667266845703,
725.5928218364716,
721.4234416484833,
717.2662100791931,
717.2759232521057,
709.1242957115173,
708.988959312439,
704.8325371742249,
696.7399978637695,
692.4239494800568,
688.28857254982,
688.2820901870728,
680.030748128891,
667.5638813972473,
659.2914943695068,
634.6211633682251,
613.740752696991,
601.2886247634888,
584.7647340297699,
584.7606797218323,
572.3634383678436,
576.4487924575806,
572.3084042072296,
564.0335965156555,
564.0513892173767,
559.8957765102386,
555.7442038059235,
589.0761022567749,
564.0369884967804,
547.4976971149445,
539.2155969142914,
535.1295952796936,
526.8288924694061,
522.7024049758911,
551.6476509571075,
572.3464331626892,
568.3569078445435,
568.1973030567169,
564.0303440093994,
555.7741527557373,
551.6679010391235,
543.3513119220734,
539.1945660114288,
535.0753705501556,
535.0907425880432,
526.8324468135834,
526.8482902050018,
514.4656114578247,
501.9793469905853,
489.5477614402771,
477.13626861572266,
473.16925287246704,
472.9871242046356,
464.7203960418701,
460.48045563697815,
452.2671310901642,
464.7220149040222,
464.7098877429962,
464.7017934322357,
468.87603735923767,
460.52593064308167,
460.5558795928955,
456.4099657535553,
452.29240345954895,
439.80026841163635,
431.6130475997925,
448.16105222702026,
440.0673871040344,
439.90890097618103,
439.859525680542,
435.727379322052,
435.7573425769806,
431.60252499580383,
435.7832372188568,
431.627610206604,
427.46228432655334,
427.51246905326843,
0,
911.8939673900604,
812.4933714866638,
762.7863624095917,
733.8263561725616,
696.4832684993744,
688.2399923801422,
663.3985555171967,
638.6208801269531,
609.5689299106598,
584.6514065265656,
572.438398361206,
559.8504412174225,
564.0206165313721,
564.0352077484131,
551.607179403305,
539.218841791153,
539.2342138290405,
530.9343135356903,
526.7778840065002,
518.5459542274475,
506.2728934288025,
493.6883418560028,
481.2417109012604,
473.1182589530945,
464.70907831192017,
456.39864802360535,
464.6945013999939,
473.00574111938477,
469.00261783599854,
460.67713928222656,
452.27377939224243,
443.9683747291565,
439.882182598114,
435.8970355987549,
439.88219690322876,
435.70261788368225,
439.8522479534149,
444.0183832645416,
448.1510326862335,
431.6405682563782,
423.34147000312805,
419.1963655948639,
415.06420493125916,
410.9409694671631,
410.9603958129883,
406.9566316604614,
406.833922624588,
402.6541817188263,
402.67505073547363,
398.70204496383667,
402.7381935119629,
394.37838792800903,
394.39377427101135,
394.4318175315857,
390.28346824645996,
390.28346824645996,
386.13369059562683,
377.8603250980377,
369.5563631057739,
369.5709400177002,
365.43150877952576,
365.3958866596222,
369.7150182723999,
386.0959644317627,
390.2640492916107,
390.3279941082001,
386.1489007472992,
386.1650822162628,
381.97386169433594,
386.18531799316406,
378.02965021133423,
377.81823468208313,
377.86437940597534,
373.66424083709717,
373.6846385002136,
373.68446230888367,
369.53531789779663,
369.5458548069,
369.5612268447876,
369.53531789779663,
369.545045375824,
369.4802839756012,
369.5400273799896,
369.5345084667206,
369.499062538147,
377.8700382709503,
373.70471239089966,
373.68770718574524,
373.69903922080994,
373.6187438964844,
373.70471239089966,
373.6836528778076,
373.70471239089966,
373.71684670448303,
373.6836528778076,
377.81823468208313,
382.0240321159363,
381.9924786090851,
378.04228353500366,
46.20152425765991,
527.5240128040314,
477.65495681762695,
453.0522937774658,
432.3295667171478,
424.02154326438904,
419.9627242088318,
411.67981457710266,
407.285089969635,
399.27447175979614,
399.2765839099884,
391.03026723861694,
391.0095317363739,
386.8934190273285,
378.62961196899414,
378.6640865802765,
374.517377614975,
370.35673928260803,
366.210177898407,
378.65891337394714,
378.6736378669739,
353.7191903591156,
370.36595249176025,
32.926222801208496,
366.2647407054901,
353.54678201675415,
349.3680200576782,
345.4788565635681,
345.49860644340515,
341.33765864372253,
337.17993903160095,
332.7937822341919,
324.7716774940491,
316.5133674144745,
308.19144320487976,
308.2255940437317,
304.0500693321228,
304.0500693321228,
304.0648081302643,
308.19371724128723,
299.8941185474396,
304.07127928733826,
304.0892457962036,
299.9300720691681,
299.710702419281,
299.9420516490936,
295.79339241981506,
299.95774698257446,
304.12323474884033,
304.0696575641632,
304.08438205718994,
299.91840863227844,
295.7474100589752,
283.3966295719147,
283.395489692688,
275.1580696105957,
275.1604919433594,
270.8180480003357,
266.8995976448059,
266.68202352523804,
262.74316143989563,
254.46560096740723,
254.50995063781738,
254.26939582824707,
250.35934925079346,
250.09936809539795,
242.0228624343872,
246.2179753780365,
241.99987506866455,
237.8377721309662,
242.0199489593506,
237.8771104812622,
237.88714742660522,
233.69704580307007,
225.35585713386536,
221.22468209266663,
225.41009616851807,
225.36217832565308,
225.38548231124878,
229.31916427612305,
229.53721714019775,
225.385644197464,
225.37544536590576,
225.37544536590576,
225.35747623443604,
225.3623402118683,
221.2099575996399,
229.52168345451355,
233.71631026268005,
233.71146082878113,
233.66062903404236,
237.62878513336182,
237.61453199386597,
237.8612518310547,
241.78942346572876,
237.8575222492218,
242.01978707313538,
242.0199489593506,
237.84716153144836,
242.04277443885803,
0,
432.3751971721649,
391.0613350868225,
370.11455154418945,
349.5951454639435,
333.01281356811523,
324.79223704338074,
316.50430178642273,
312.35791659355164,
308.25716185569763,
304.0944333076477,
299.9336187839508,
299.92311096191406,
295.8262481689453,
291.66528606414795,
291.6473171710968,
287.5545105934143,
291.45905113220215,
287.51192569732666,
287.5536997318268,
279.25071573257446,
287.5629267692566,
287.51873898506165,
279.29960536956787,
275.1582314968109,
266.87401270866394,
262.7881727218628,
258.6218755245209,
258.62769651412964,
262.7829852104187,
266.94282841682434,
266.66712284088135,
266.9101209640503,
275.153382062912,
275.1969153881073,
271.026718378067,
266.89521956443787,
266.8808195590973,
258.6171736717224,
250.3444628715515,
242.04293632507324,
237.86254787445068,
237.87209916114807,
233.46393060684204,
233.73153471946716,
229.560697555542,
229.57089638710022,
229.58060956001282,
229.5457968711853,
225.37027215957642,
225.35230326652527,
225.41009616851807,
221.2394208908081,
221.24410843849182,
221.22339463233948,
212.93303060531616,
225.40411186218262,
229.5263705253601,
233.71647214889526,
233.6917107105255,
233.72149777412415,
233.70077514648438,
237.85719847679138,
233.70643520355225,
233.69672203063965,
242.0325756072998,
241.98902869224548,
242.06074380874634,
233.72618532180786,
225.39018416404724,
233.71146082878113,
242.04730010032654,
237.86190032958984,
237.87177538871765,
242.01978707313538,
242.0421268939972,
242.0144374370575,
237.90495491027832,
229.53575992584229,
229.55680537223816,
217.07845878601074,
208.5313446521759,
208.75037598609924,
204.60674262046814,
204.59168004989624,
208.52406692504883,
208.80169367790222,
208.7652769088745,
204.5965437889099,
208.77044987678528,
208.52924728393555,
204.59686756134033,
204.59686756134033,
204.61126828193665,
204.58213639259338,
204.60074591636658,
204.35921955108643,
204.62130522727966,
196.27526712417603,
200.4656925201416,
0,
386.9303226470947,
345.46510314941406,
328.88713550567627,
304.05394768714905,
291.65541100502014,
287.5433385372162,
283.47028064727783,
275.1386432647705,
275.21180868148804,
266.88471126556396,
266.9387741088867,
262.74316143989563,
258.5828468799591,
258.3989520072937,
254.51934003829956,
254.49248147010803,
254.2583875656128,
254.48226833343506,
250.33410215377808,
241.99841809272766,
241.9992275238037,
233.71598649024963,
225.379985332489,
221.234233379364,
229.3084797859192,
237.62068367004395,
233.70158576965332,
233.6917107105255,
233.47332000732422,
233.7111370563507,
242.0243124961853,
233.69106316566467,
233.4684705734253,
229.53559803962708,
233.70093822479248,
233.43835973739624,
229.54240489006042,
225.37545824050903,
225.16337537765503,
221.2489721775055,
212.8883571624756,
208.5133752822876,
208.7649531364441,
204.60123133659363,
204.61126828193665,
204.60139322280884,
204.61629390716553,
204.61613202095032,
204.58537411689758,
204.62600708007812,
200.42100477218628,
200.43849968910217,
200.4506299495697,
196.27007961273193,
196.27542901039124,
196.30002856254578,
200.49013018608093,
200.47038006782532,
208.77677035331726,
204.59135627746582,
200.4655306339264,
204.62130546569824,
200.47329807281494,
200.4564654827118,
200.46163845062256,
204.61126828193665,
208.53344917297363,
208.77644658088684,
204.60139322280884,
204.5865068435669,
208.76996421813965,
200.4601812362671,
200.45516991615295,
204.61613202095032,
200.44043111801147,
204.61126828193665,
204.62584519386292,
196.27979278564453,
196.29970479011536,
192.1291913986206,
196.29485535621643,
192.1539671421051,
187.9855616092682,
191.90546894073486,
192.14894151687622,
183.85260248184204,
175.52145075798035,
175.51642513275146,
179.6974639892578,
175.52096557617188,
175.52128887176514,
175.54103899002075,
175.5560872554779,
175.53779673576355,
175.56095099449158,
175.55107593536377,
175.5560872554779,
175.5677456855774,
175.56273436546326,
0,
328.96808552742004,
299.9582326412201,
283.43611550331116,
271.05587220191956,
262.54016399383545,
250.3391134738922,
250.1084337234497,
237.86190032958984,
237.88165044784546,
229.53559803962708,
229.51601004600525,
221.20444631576538,
221.2340714931488,
217.07327127456665,
212.89807033538818,
212.937246799469,
217.07181930541992,
217.08314633369446,
208.73727011680603,
220.97667336463928,
233.668883562088,
208.74714517593384,
200.43331217765808,
204.3686089515686,
204.61126828193665,
200.4603431224823,
204.62098145484924,
200.48009324073792,
196.27186059951782,
196.29986667633057,
204.62697839736938,
200.4603431224823,
200.47038006782532,
204.630047082901,
204.6060950756073,
204.63572025299072,
196.28950595855713,
196.28498029708862,
196.29986667633057,
192.14910340309143,
188.01307892799377,
187.98329186439514,
179.6754448413849,
175.54120087623596,
175.532785654068,
175.5789132118225,
171.38703107833862,
167.22008609771729,
167.22963738441467,
171.41795134544373,
167.2398362159729,
167.26573300361633,
167.24468564987183,
167.2592625617981,
163.0939223766327,
163.11853623390198,
158.94802284240723,
158.9622688293457,
162.9038689136505,
158.96793484687805,
154.82704663276672,
150.67709398269653,
150.43960666656494,
150.68761587142944,
146.5261685848236,
146.52568197250366,
150.71318650245667,
146.50576996803284,
150.68323850631714,
146.55530714988708,
138.23887991905212,
146.51580691337585,
146.49103116989136,
158.70875597000122,
154.81230783462524,
154.80113792419434,
154.8268847465515,
154.8314106464386,
158.96015739440918,
158.93814778327942,
154.81198406219482,
158.70746088027954,
158.9549844264984,
158.70389223098755,
158.96015739440918,
154.78722262382507,
154.80291986465454,
154.8168478012085,
154.8170096874237,
154.82185912132263,
150.63175749778748,
142.3844699859619,
138.25846815109253,
134.06820464134216,
138.25392818450928,
138.25376629829407,
138.26186060905457,
134.05865335464478,
138.27595233917236,
0,
395.01460552215576,
362.08352851867676,
349.6786856651306,
324.82024335861206,
308.2032539844513,
275.12812066078186,
271.0013093948364,
270.796679019928,
262.7917413711548,
254.4845416545868,
250.32859086990356,
246.1825294494629,
246.16828393936157,
241.77744388580322,
241.79687023162842,
237.84408593177795,
237.88569045066833,
237.89540362358093,
233.72020268440247,
233.69057750701904,
237.86610221862793,
237.85622715950012,
237.8709659576416,
237.89071607589722,
229.56053566932678,
233.48141431808472,
233.70530223846436,
229.55437684059143,
229.56960129737854,
225.4134886264801,
225.3937385082245,
229.55972623825073,
225.39892601966858,
225.4036135673523,
233.7438440322876,
229.5594024658203,
225.4233636856079,
217.0580611228943,
212.92688608169556,
204.6005837917328,
200.43994545936584,
204.62795400619507,
204.600745677948,
204.60577130317688,
212.90341305732727,
212.94016551971436,
208.75150895118713,
204.58067178726196,
208.77628469467163,
208.78048658370972,
204.59557247161865,
208.75686311721802,
204.59865260124207,
204.61548447608948,
204.36666631698608,
204.61499881744385,
204.6156463623047,
200.47313928604126,
200.2212381362915,
192.13858079910278,
196.28417086601257,
200.45953369140625,
200.45468425750732,
196.30667352676392,
187.98765563964844,
183.82200598716736,
183.8420798778534,
187.76749849319458,
183.86457514762878,
175.32102942466736,
183.5815987586975,
187.9677436351776,
192.15914034843445,
187.9828062057495,
187.95755243301392,
192.168044090271,
187.97794246673584,
188.00255632400513,
187.97762632369995,
187.77656412124634,
179.69584226608276,
175.56531476974487,
171.3980462551117,
167.22364044189453,
167.24873995780945,
167.24743795394897,
163.0829141139984,
167.27803444862366,
158.92730140686035,
167.273339509964,
167.26832818984985,
167.2539131641388,
167.27820324897766,
163.0979766845703,
163.10898685455322,
163.09311294555664,
163.09295105934143,
163.10298800468445,
158.9520628452301,
